Date,Open,High,Low,Close,Volume,Open Interest
2018-03-16,30255.0,30349.0,30145.0,30224.0,9014.0,5374.0
2018-03-15,30433.0,30473.0,30264.0,30299.0,7747.0,5669.0
2018-03-14,30420.0,30546.0,30356.0,30405.0,8373.0,5909.0
2018-03-13,30322.0,30409.0,30237.0,30377.0,9859.0,5907.0
2018-03-12,30403.0,30427.0,30267.0,30332.0,6405.0,6149.0
2018-03-09,30384.0,30470.0,30280.0,30401.0,9749.0,6418.0
2018-03-08,30477.0,30546.0,30396.0,30429.0,7262.0,6708.0
2018-03-07,30650.0,30650.0,30394.0,30474.0,8202.0,7000.0
2018-03-06,30397.0,30687.0,30362.0,30573.0,9734.0,7331.0
2018-03-05,30460.0,30548.0,30341.0,30352.0,6147.0,6839.0
2018-03-02,30250.0,30528.0,30250.0,30448.0,4867.0,7151.0
2018-03-01,30320.0,30320.0,30119.0,30165.0,7914.0,6697.0
2018-02-28,30310.0,30446.0,30287.0,30379.0,7480.0,7069.0
2018-02-27,30540.0,30610.0,30272.0,30295.0,9754.0,6962.0
2018-02-26,30526.0,30644.0,30501.0,30531.0,6992.0,7493.0
2018-02-23,30501.0,30525.0,30427.0,30509.0,5680.0,7222.0
2018-02-22,30459.0,30590.0,30400.0,30573.0,7361.0,7267.0
2018-02-21,30451.0,30539.0,30387.0,30476.0,7870.0,7171.0
2018-02-20,30629.0,30774.0,30511.0,30532.0,9447.0,7370.0
2018-02-19,30763.0,30792.0,30725.0,30742.0,4282.0,7826.0
2018-02-16,30650.0,30839.0,30650.0,30816.0,9077.0,7948.0
2018-02-15,30641.0,30681.0,30531.0,30579.0,8334.0,7838.0
2018-02-14,30250.0,30687.0,30043.0,30624.0,11438.0,7912.0
2018-02-13,30200.0,30250.0,30102.0,30218.0,3229.0,7397.0
2018-02-12,30118.0,30178.0,30030.0,30152.0,5844.0,7505.0
2018-02-09,30055.0,30102.0,29891.0,30009.0,9133.0,7446.0
2018-02-08,29950.0,30173.0,29805.0,30107.0,9845.0,7743.0
2018-02-07,30223.0,30250.0,29972.0,29995.0,8267.0,7661.0
2018-02-06,30350.0,30714.0,30165.0,30187.0,11151.0,8269.0
2018-02-05,30250.0,30374.0,30203.0,30293.0,6739.0,8735.0
2018-02-02,30660.0,30720.0,30244.0,30367.0,772.0,947.0
2018-02-01,30189.0,30570.0,30041.0,30505.0,1535.0,1379.0
2018-01-31,30069.0,30167.0,30052.0,30117.0,5951.0,2219.0
2018-01-30,29978.0,30170.0,29954.0,30052.0,8577.0,3727.0
2018-01-29,30150.0,30150.0,29980.0,30060.0,6910.0,4330.0
2018-01-25,30300.0,30464.0,30170.0,30361.0,7039.0,5273.0
2018-01-24,29935.0,30291.0,29916.0,30249.0,9179.0,5859.0
2018-01-23,29873.0,29932.0,29781.0,29911.0,6740.0,5824.0
2018-01-22,29699.0,29863.0,29699.0,29834.0,7057.0,5958.0
2018-01-19,29601.0,29780.0,29595.0,29755.0,5567.0,6096.0
2018-01-18,29650.0,29700.0,29550.0,29645.0,6349.0,5949.0
2018-01-17,29801.0,29829.0,29680.0,29757.0,6266.0,5920.0
2017-12-29,0.0,0.0,0.0,513.5,0.0,0.0
2017-12-28,0.0,0.0,0.0,761.0,0.0,0.0
2017-12-27,0.0,0.0,0.0,227.5,0.0,0.0
2017-12-26,0.0,0.0,0.0,1516.0,0.0,0.0
2017-12-22,0.0,0.0,0.0,219.5,0.0,0.0
2017-12-21,0.0,0.0,0.0,1969.0,0.0,0.0
2017-12-20,0.0,0.0,0.0,264.0,0.0,0.0
2017-12-19,0.0,0.0,0.0,28543.0,0.0,0.0
2017-12-18,0.0,0.0,0.0,28494.0,0.0,10.0
2017-12-15,0.0,0.0,0.0,28274.0,0.0,0.0
2017-12-14,0.0,0.0,0.0,2104.5,0.0,0.0
2017-12-13,0.0,0.0,0.0,1651.5,0.0,0.0
2017-12-12,0.0,0.0,0.0,20.0,0.0,0.0
2017-12-11,0.0,0.0,0.0,725.5,0.0,0.0
2017-12-08,0.0,0.0,0.0,678.0,0.0,0.0
2017-12-07,0.0,0.0,0.0,577.0,0.0,1.0
2017-12-06,0.0,0.0,0.0,29163.0,0.0,0.0
2017-12-05,0.0,0.0,0.0,29129.0,0.0,0.0
2017-12-04,0.0,0.0,0.0,29546.0,0.0,0.0
2017-10-31,29692.0,29698.0,29490.0,29616.0,7.0,3.0
2017-10-30,0.0,0.0,0.0,47.0,0.0,0.0
2017-10-27,0.0,0.0,0.0,1462.0,0.0,0.0
2017-10-26,0.0,0.0,0.0,29549.0,0.0,0.0
2017-10-25,0.0,0.0,0.0,29786.0,0.0,0.0
2017-10-24,0.0,0.0,0.0,1370.0,0.0,0.0
2017-10-23,0.0,0.0,0.0,30032.0,0.0,0.0
2017-10-20,0.0,0.0,0.0,29989.0,0.0,0.0
2017-10-19,0.0,0.0,0.0,30032.0,0.0,0.0
2017-10-18,0.0,0.0,0.0,29989.0,0.0,0.0
2017-10-17,0.0,0.0,0.0,30032.0,0.0,0.0
2017-10-16,0.0,0.0,0.0,29989.0,0.0,0.0
2017-10-13,29805.0,29868.0,29720.0,29851.0,8187.0,6779.0
2017-10-12,29775.0,29900.0,29710.0,29814.0,6812.0,7107.0
2017-10-11,29780.0,29822.0,29690.0,29707.0,6101.0,7128.0
2017-10-10,29780.0,29859.0,29751.0,29825.0,7043.0,7384.0
2017-10-09,29698.0,29772.0,29664.0,29732.0,5831.0,7303.0
2017-10-06,29361.0,29598.0,29312.0,29573.0,10412.0,7547.0
2017-10-05,29414.0,29500.0,29370.0,29387.0,5779.0,8004.0
2017-10-04,29413.0,29455.0,29260.0,29290.0,313.0,359.0
2017-10-03,29500.0,29500.0,29300.0,29355.0,1051.0,818.0
2017-09-29,29604.0,29671.0,29526.0,29557.0,7789.0,1411.0
2017-09-28,29663.0,29686.0,29522.0,29608.0,8433.0,3711.0
2017-09-27,29840.0,29928.0,29626.0,29658.0,9280.0,4343.0
2017-09-26,30100.0,30169.0,29780.0,29872.0,11178.0,4544.0
2017-09-25,29510.0,30129.0,29510.0,30039.0,10180.0,4937.0
2017-09-22,29650.0,29746.0,29556.0,29585.0,8580.0,5202.0
2017-09-21,29555.0,29623.0,29443.0,29564.0,11619.0,5392.0
2017-09-20,29693.0,29799.0,29680.0,29774.0,7919.0,5648.0
2017-09-19,29566.0,29682.0,29546.0,29621.0,8622.0,5711.0
2017-09-18,29820.0,29820.0,29538.0,29547.0,9044.0,5967.0
2017-09-15,30022.0,30040.0,29825.0,29856.0,9542.0,6303.0
2017-09-14,29807.0,30050.0,29765.0,30010.0,11103.0,6815.0
2017-09-13,29999.0,30058.0,29820.0,29886.0,9708.0,6827.0
2017-09-12,29911.0,29971.0,29820.0,29943.0,8280.0,6702.0
2017-09-11,30200.0,30200.0,29917.0,29933.0,7590.0,6854.0
2017-09-08,30382.0,30474.0,30210.0,30268.0,10511.0,7268.0
2017-09-07,30076.0,30368.0,30055.0,30282.0,10825.0,7501.0
2017-09-06,30245.0,30286.0,30035.0,30075.0,9030.0,7374.0
2017-09-05,30178.0,30243.0,29955.0,30223.0,12052.0,7693.0
2017-09-04,30011.0,30267.0,30011.0,30105.0,8886.0,7142.0
2017-09-01,28775.0,28814.0,28657.0,28771.0,9541.0,6273.0
2017-08-31,29500.0,29767.0,29412.0,29745.0,10310.0,7506.0
2017-08-30,29641.0,29641.0,29466.0,29555.0,10387.0,7148.0
2017-08-29,29550.0,29937.0,29550.0,29662.0,13127.0,7155.0
2017-08-28,29195.0,29518.0,29173.0,29503.0,10798.0,6918.0
2017-08-25,29096.0,29224.0,28777.0,29167.0,7626.0,7088.0
2017-08-24,29142.0,29182.0,29046.0,29099.0,7539.0,7205.0
2017-08-23,29106.0,29214.0,29074.0,29164.0,8269.0,7313.0
2017-08-22,29238.0,29238.0,29036.0,29105.0,10052.0,6881.0
2017-08-21,29125.0,29314.0,29079.0,29283.0,9854.0,7216.0
2017-08-18,29170.0,29443.0,29075.0,29163.0,13290.0,6685.0
2017-08-17,29050.0,29229.0,29050.0,29151.0,9184.0,6700.0
2017-08-16,28950.0,28970.0,28800.0,28952.0,9705.0,6635.0
2017-08-14,29114.0,29163.0,29023.0,29080.0,7632.0,6575.0
2017-08-11,29199.0,29295.0,29071.0,29203.0,10908.0,6850.0
2017-08-10,28900.0,29223.0,28900.0,29176.0,11248.0,6784.0
2017-08-09,28520.0,28865.0,28520.0,28844.0,10510.0,6919.0
2017-08-08,28462.0,28529.0,28300.0,28379.0,8520.0,6634.0
2017-08-07,28389.0,28488.0,28372.0,28457.0,5200.0,6816.0
2017-08-04,28537.0,28630.0,28325.0,28406.0,9216.0,6723.0
2017-08-03,28383.0,28499.0,28300.0,28487.0,74.0,108.0
2017-08-02,28420.0,28509.0,28400.0,28437.0,408.0,201.0
2017-08-01,28521.0,28569.0,28350.0,28404.0,1034.0,563.0
2017-07-31,28473.0,28620.0,28467.0,28557.0,5804.0,928.0
2017-07-28,28477.0,28595.0,28395.0,28580.0,7421.0,3472.0
2017-07-27,28600.0,28607.0,28367.0,28476.0,9932.0,4532.0
2017-07-26,28400.0,28403.0,28304.0,28384.0,7807.0,5294.0
2017-07-25,28538.0,28579.0,28392.0,28478.0,9356.0,5494.0
2017-07-24,28563.0,28610.0,28500.0,28516.0,7133.0,5867.0
2017-07-21,28327.0,28559.0,28283.0,28541.0,7654.0,5965.0
2017-07-20,28217.0,28380.0,28131.0,28331.0,10717.0,5951.0
2017-07-19,28255.0,28260.0,28121.0,28250.0,8182.0,6006.0
2017-07-18,28138.0,28285.0,28125.0,28253.0,8883.0,6227.0
2017-07-17,28050.0,28143.0,28025.0,28120.0,8854.0,6716.0
2017-07-14,27823.0,28073.0,27771.0,27996.0,10353.0,6465.0
2017-07-13,27950.0,27957.0,27812.0,27837.0,7667.0,6732.0
2017-07-12,27915.0,27977.0,27802.0,27851.0,9286.0,6812.0
2017-07-11,27742.0,27870.0,27678.0,27834.0,8992.0,6911.0
2017-07-10,27732.0,27820.0,27603.0,27794.0,11049.0,6583.0
2017-07-07,28050.0,28118.0,27724.0,27784.0,13698.0,6833.0
2017-07-06,28170.0,28188.0,28092.0,28116.0,8584.0,6306.0
2017-07-05,28170.0,28191.0,28005.0,28107.0,11925.0,6353.0
2017-07-04,28073.0,28213.0,28073.0,28115.0,7973.0,6270.0
2017-07-03,28421.0,28421.0,28067.0,28086.0,13165.0,6225.0
2017-06-30,28609.0,28609.0,28405.0,28439.0,9164.0,5891.0
2017-06-29,28623.0,28629.0,28431.0,28608.0,10696.0,6005.0
2017-06-28,28610.0,28725.0,28508.0,28567.0,9939.0,5721.0
2017-06-27,28480.0,28648.0,28473.0,28553.0,9563.0,5452.0
2017-06-26,28450.0,28527.0,28350.0,28510.0,5242.0,4987.0
2017-06-23,28683.0,28820.0,28680.0,28734.0,7126.0,4822.0
2017-06-22,28645.0,28749.0,28620.0,28629.0,7354.0,4743.0
2017-06-21,28590.0,28634.0,28448.0,28577.0,8442.0,5070.0
2017-06-20,28533.0,28599.0,28487.0,28526.0,8385.0,5078.0
2017-06-19,28650.0,28650.0,28526.0,28542.0,7623.0,4818.0
2017-06-16,28770.0,28799.0,28675.0,28690.0,6661.0,4679.0
2017-06-15,28950.0,28950.0,28705.0,28768.0,10430.0,4566.0
2017-06-14,29050.0,29087.0,28880.0,29030.0,9733.0,4543.0
2017-06-13,28987.0,28991.0,28810.0,28944.0,8361.0,4418.0
2017-06-12,28951.0,29049.0,28930.0,28993.0,8848.0,4615.0
2017-06-09,29101.0,29101.0,28905.0,29019.0,9190.0,4611.0
2017-06-08,29350.0,29405.0,29020.0,29131.0,11496.0,4700.0
2017-06-07,29524.0,29544.0,29388.0,29440.0,9480.0,5413.0
2017-06-06,29280.0,29585.0,29280.0,29567.0,10746.0,5562.0
2017-06-05,29204.0,29299.0,29172.0,29217.0,6860.0,4623.0
2017-06-02,28629.0,28905.0,28600.0,28871.0,113.0,55.0
2017-06-01,28777.0,28894.0,28636.0,28653.0,5318.0,5069.0
2017-05-31,28705.0,28880.0,28643.0,28843.0,5622.0,911.0
2017-05-30,28949.0,28986.0,28712.0,28741.0,8652.0,2254.0
2017-05-29,28870.0,28941.0,28832.0,28900.0,4762.0,3013.0
2017-05-26,28715.0,28904.0,28705.0,28888.0,8625.0,3417.0
2017-05-25,28750.0,28765.0,28630.0,28661.0,7815.0,3734.0
2017-05-24,28750.0,28760.0,28645.0,28713.0,8034.0,3965.0
2017-05-23,28850.0,28935.0,28755.0,28811.0,10161.0,3994.0
2017-05-22,28593.0,28800.0,28564.0,28785.0,8151.0,4054.0
2017-05-19,28647.0,28785.0,28530.0,28635.0,9633.0,4077.0
2017-05-18,28650.0,29004.0,28567.0,28705.0,17262.0,4180.0
2017-05-17,28150.0,28645.0,28150.0,28619.0,12481.0,4898.0
2017-05-16,28020.0,28135.0,28020.0,28094.0,7840.0,6119.0
2017-05-15,28024.0,28142.0,27982.0,27992.0,9566.0,6652.0
2017-05-12,28008.0,28129.0,27972.0,28005.0,7929.0,6804.0
2017-05-11,27984.0,28093.0,27932.0,28004.0,8896.0,6593.0
2017-05-10,28086.0,28145.0,27970.0,27996.0,7397.0,6760.0
2017-05-09,28141.0,28174.0,27951.0,27971.0,10876.0,6684.0
2017-05-08,28118.0,28237.0,28071.0,28091.0,7866.0,6310.0
2017-05-05,28140.0,28250.0,28055.0,28072.0,9842.0,6374.0
2017-05-04,28371.0,28371.0,28020.0,28072.0,11104.0,6246.0
2017-05-03,28572.0,28597.0,28405.0,28472.0,8518.0,5595.0
2017-05-02,28620.0,28646.0,28554.0,28582.0,7279.0,5233.0
2017-04-28,28813.0,28897.0,28790.0,28873.0,6486.0,4958.0
2017-04-27,28789.0,28817.0,28703.0,28769.0,7698.0,5334.0
2017-04-26,28753.0,28821.0,28660.0,28719.0,9213.0,5733.0
2017-04-25,29070.0,29070.0,28765.0,28814.0,10433.0,5872.0
2017-04-24,29250.0,29250.0,28960.0,29131.0,11019.0,5869.0
2017-04-21,29273.0,29447.0,29223.0,29418.0,8149.0,6699.0
2017-04-20,29254.0,29342.0,29203.0,29295.0,8575.0,6784.0
2017-04-19,29414.0,29414.0,29201.0,29305.0,9084.0,6699.0
2017-04-18,29401.0,29539.0,29252.0,29514.0,11896.0,7261.0
2017-04-17,29450.0,29483.0,29370.0,29430.0,9120.0,7164.0
2017-04-13,29300.0,29433.0,29281.0,29409.0,9277.0,7592.0
2017-04-12,29216.0,29297.0,29167.0,29229.0,9082.0,7467.0
2017-04-11,28840.0,29229.0,28765.0,29193.0,12356.0,7282.0
2017-04-10,28682.0,28800.0,28621.0,28739.0,8037.0,6614.0
2017-04-07,28884.0,29000.0,28661.0,28684.0,12227.0,6928.0
2017-04-06,28935.0,28950.0,28701.0,28721.0,8221.0,6754.0
2017-04-05,29040.0,29040.0,28731.0,28805.0,7841.0,6635.0
2017-04-04,28820.0,28963.0,28816.0,28862.0,273.0,609.0
2017-04-03,28420.0,28734.0,28404.0,28702.0,859.0,866.0
2017-03-31,28460.0,28527.0,28420.0,28463.0,4870.0,1271.0
2017-03-30,28695.0,28720.0,28501.0,28542.0,6604.0,2426.0
2017-03-29,28799.0,28892.0,28760.0,28848.0,7426.0,3394.0
2017-03-28,28870.0,28938.0,28762.0,28807.0,6512.0,3999.0
2017-03-27,28870.0,28938.0,28762.0,28807.0,6512.0,3999.0
2017-03-24,28763.0,28828.0,28703.0,28793.0,6501.0,4209.0
2017-03-23,28819.0,28948.0,28750.0,28800.0,9685.0,4087.0
2017-03-22,28811.0,28929.0,28803.0,28885.0,9947.0,4434.0
2017-03-21,28450.0,28881.0,28392.0,28851.0,11760.0,4126.0
2017-03-20,28550.0,28599.0,28490.0,28505.0,6771.0,4618.0
2017-03-15,28054.0,28054.0,27907.0,27985.0,8240.0,5826.0
2017-03-14,28250.0,28279.0,28055.0,28076.0,8088.0,5838.0
2017-03-13,28420.0,28420.0,28210.0,28251.0,3193.0,5709.0
2017-03-10,28350.0,28464.0,28251.0,28366.0,9449.0,5833.0
2017-03-09,28550.0,28597.0,28402.0,28446.0,10125.0,6074.0
2017-03-08,28774.0,28775.0,28581.0,28629.0,9221.0,6124.0
2017-03-07,28941.0,28949.0,28721.0,28751.0,9603.0,6039.0
2017-03-06,29100.0,29189.0,28923.0,28945.0,8140.0,5892.0
2017-03-03,29168.0,29200.0,28952.0,29020.0,10009.0,6130.0
2017-03-02,29419.0,29422.0,29143.0,29170.0,10543.0,6286.0
2017-03-01,28747.0,28966.0,28580.0,28682.0,13928.0,6993.0
2017-02-28,29650.0,29650.0,29500.0,29566.0,8860.0,6614.0
2017-02-27,29587.0,29785.0,29541.0,29710.0,8173.0,6988.0
2017-02-24,29550.0,29649.0,29511.0,29623.0,5156.0,6840.0
2017-02-23,29252.0,29468.0,29215.0,29451.0,10185.0,6887.0
2017-02-22,29240.0,29345.0,29174.0,29208.0,8987.0,6369.0
2017-02-21,29202.0,29330.0,29075.0,29301.0,11434.0,6318.0
2017-02-20,29251.0,29325.0,29195.0,29303.0,5923.0,6519.0
2017-02-17,29347.0,29449.0,29302.0,29360.0,9013.0,6738.0
2017-02-16,29195.0,29485.0,29182.0,29416.0,10902.0,6991.0
2017-02-15,29063.0,29170.0,28872.0,29143.0,10915.0,6600.0
2017-02-14,29050.0,29173.0,28953.0,29001.0,10296.0,6601.0
2017-02-13,29120.0,29166.0,28941.0,29021.0,7191.0,6496.0
2017-02-10,29016.0,29204.0,28925.0,29173.0,9465.0,6411.0
2017-02-09,29338.0,29388.0,29057.0,29089.0,12996.0,6866.0
2017-02-08,29311.0,29414.0,29241.0,29330.0,9697.0,6986.0
2017-02-07,29250.0,29348.0,29180.0,29332.0,10037.0,7227.0
2017-02-06,28950.0,29220.0,28950.0,29193.0,9829.0,7414.0
2017-02-03,28832.0,28948.0,28718.0,28909.0,8914.0,7048.0
2017-02-02,29065.0,29257.0,28875.0,28981.0,289.0,204.0
2017-01-31,28570.0,28990.0,28570.0,28942.0,6732.0,1528.0
2017-01-30,28384.0,28560.0,28336.0,28524.0,7722.0,3782.0
2017-01-27,28250.0,28383.0,28085.0,28353.0,8505.0,5443.0
2017-01-25,28650.0,28650.0,28357.0,28385.0,8413.0,6264.0
2017-01-24,28801.0,28801.0,28700.0,28725.0,6174.0,7171.0
2017-01-23,28650.0,28857.0,28650.0,28803.0,8907.0,7242.0
2017-01-20,28649.0,28696.0,28533.0,28625.0,7947.0,6589.0
2017-01-19,28646.0,28646.0,28460.0,28528.0,8966.0,6751.0
2017-01-18,28738.0,28825.0,28675.0,28791.0,7071.0,7118.0
2017-01-17,28580.0,28776.0,28571.0,28738.0,9575.0,7202.0
2017-01-16,28450.0,28607.0,28450.0,28529.0,5159.0,7039.0
2017-01-13,28360.0,28440.0,28240.0,28380.0,7982.0,7108.0
2017-01-12,28350.0,28520.0,28337.0,28393.0,9725.0,7283.0
2017-01-11,28158.0,28345.0,28082.0,28300.0,10240.0,7024.0
2017-01-10,28020.0,28260.0,28009.0,28144.0,8340.0,7125.0
2017-01-09,27915.0,28080.0,27841.0,28051.0,6607.0,7566.0
2017-01-06,27892.0,27983.0,27825.0,27887.0,7963.0,7148.0
2017-01-05,27800.0,27978.0,27785.0,27948.0,9428.0,7224.0
2017-01-04,27685.0,27815.0,27657.0,27682.0,7109.0,6932.0
2017-01-03,27568.0,27823.0,27450.0,27778.0,10700.0,6746.0
2017-01-02,27401.0,27600.0,27401.0,27570.0,2511.0,6758.0
2016-12-30,27591.0,27634.0,27421.0,27445.0,6147.0,6538.0
2016-12-29,27350.0,27589.0,27320.0,27562.0,6923.0,6586.0
2016-12-28,27238.0,27347.0,27200.0,27300.0,5063.0,6458.0
2016-12-27,27120.0,27419.0,27061.0,27170.0,7291.0,6424.0
2016-12-26,27004.0,27068.0,26916.0,27037.0,1599.0,6635.0
2016-12-23,26995.0,27042.0,26910.0,26994.0,4072.0,6571.0
2016-12-22,26980.0,27080.0,26862.0,26968.0,6940.0,6587.0
2016-12-21,27143.0,27207.0,26972.0,26990.0,7300.0,6504.0
2016-12-20,27180.0,27194.0,27015.0,27130.0,7324.0,6301.0
2016-12-19,27190.0,27280.0,27168.0,27260.0,4838.0,6331.0
2016-12-16,27043.0,27266.0,26972.0,27164.0,8491.0,6213.0
2016-12-15,27401.0,27401.0,26901.0,27019.0,10612.0,6462.0
2016-12-14,27594.0,27685.0,27562.0,27587.0,5088.0,6141.0
2016-12-13,27635.0,27648.0,27475.0,27535.0,5381.0,6393.0
2016-12-12,27500.0,27682.0,27415.0,27666.0,4572.0,6438.0
2016-12-09,27750.0,27796.0,27531.0,27576.0,7010.0,6271.0
2016-12-08,27911.0,27923.0,27750.0,27777.0,6021.0,6172.0
2016-12-07,27856.0,28025.0,27810.0,27911.0,6893.0,6161.0
2016-12-06,28002.0,28055.0,27810.0,27827.0,5878.0,6311.0
2016-12-05,28110.0,28166.0,27772.0,28063.0,8351.0,6259.0
2016-12-02,30350.0,30686.0,30350.0,30666.0,12292.0,7066.0
2016-12-01,30000.0,30314.0,30000.0,30285.0,8727.0,6969.0
2016-11-30,28740.0,28740.0,28338.0,28385.0,6637.0,842.0
2016-11-29,28754.0,28800.0,28582.0,28762.0,6320.0,3370.0
2016-11-28,28702.0,28872.0,28625.0,28736.0,6551.0,4652.0
2016-11-25,28553.0,28693.0,28374.0,28598.0,10058.0,5045.0
2016-11-24,28743.0,28790.0,28630.0,28746.0,6059.0,5370.0
2016-11-22,29178.0,29224.0,29060.0,29139.0,5622.0,5685.0
2016-11-21,29024.0,29200.0,28946.0,29135.0,6076.0,5707.0
2016-11-18,29000.0,29000.0,28800.0,28937.0,9495.0,6064.0
2016-11-17,29347.0,29390.0,29091.0,29131.0,7920.0,6220.0
2016-11-16,29371.0,29441.0,29315.0,29383.0,7595.0,6370.0
2016-11-15,29558.0,29558.0,29223.0,29320.0,11077.0,6293.0
2016-11-14,29328.0,29698.0,29281.0,29607.0,9251.0,6181.0
2016-11-11,29830.0,29957.0,29250.0,29396.0,16849.0,6580.0
2016-11-10,30053.0,30195.0,29771.0,29900.0,14786.0,6168.0
2016-11-09,30400.0,31376.0,29805.0,29877.0,28849.0,6071.0
2016-11-08,30100.0,30368.0,29731.0,29880.0,18668.0,6376.0
2016-11-07,30510.0,30510.0,30005.0,30078.0,12605.0,6891.0
2016-11-04,30430.0,30624.0,30372.0,30557.0,12350.0,7067.0
2016-11-02,30350.0,30686.0,30350.0,30666.0,12292.0,7066.0
2016-11-01,30000.0,30314.0,30000.0,30285.0,8727.0,6969.0
2016-10-31,30070.0,30070.0,30027.0,30057.0,1321.0,7156.0
2016-10-28,29989.0,30157.0,29720.0,30082.0,11519.0,7046.0
2016-10-27,29846.0,29962.0,29831.0,29927.0,8361.0,7287.0
2016-10-26,29980.0,30000.0,29802.0,29834.0,10704.0,7637.0
2016-10-25,29842.0,29982.0,29739.0,29942.0,11644.0,7927.0
2016-10-24,29905.0,29905.0,29730.0,29763.0,16564.0,8027.0
2016-10-21,29850.0,29975.0,29810.0,29946.0,11753.0,8133.0
2016-10-20,29990.0,30063.0,29881.0,29910.0,12810.0,7642.0
2016-10-19,29779.0,29995.0,29757.0,29901.0,11386.0,7766.0
2016-10-18,29750.0,29840.0,29680.0,29786.0,13186.0,7997.0
2016-10-17,29673.0,29734.0,29600.0,29705.0,11124.0,7796.0
2016-10-14,29675.0,29725.0,29460.0,29656.0,14295.0,8235.0
2016-10-13,29800.0,29885.0,29692.0,29709.0,12695.0,8256.0
2016-10-12,29692.0,29779.0,29590.0,29651.0,4897.0,8152.0
2016-10-10,29650.0,29798.0,29630.0,29658.0,8986.0,8254.0
2016-10-06,29835.0,29949.0,29550.0,29575.0,13034.0,8417.0
2016-10-05,30089.0,30138.0,29790.0,29916.0,13610.0,8503.0
2016-10-04,30645.0,30714.0,29885.0,29991.0,342.0,212.0
2016-10-03,30732.0,30828.0,30552.0,30579.0,1042.0,795.0
2016-09-30,31100.0,31240.0,30670.0,30742.0,10248.0,1002.0
2016-09-29,30990.0,31194.0,30975.0,31165.0,12251.0,3677.0
2016-09-28,30980.0,31039.0,30866.0,30955.0,10463.0,5465.0
2016-09-27,31271.0,31271.0,30962.0,30978.0,14026.0,6141.0
2016-09-26,31236.0,31350.0,31211.0,31328.0,8317.0,6828.0
2016-09-23,31242.0,31350.0,31205.0,31281.0,9679.0,6841.0
2016-09-22,31250.0,31380.0,31157.0,31332.0,14210.0,7293.0
2016-09-21,30975.0,31238.0,30841.0,31205.0,13195.0,7271.0
2016-09-20,30950.0,31050.0,30876.0,30924.0,10481.0,7354.0
2016-09-19,30932.0,30980.0,30880.0,30903.0,9720.0,7336.0
2016-09-16,30875.0,30934.0,30800.0,30813.0,9841.0,7492.0
2016-09-15,31058.0,31178.0,30792.0,30910.0,13907.0,7706.0
2016-09-14,31030.0,31116.0,31003.0,31038.0,10051.0,7933.0
2016-09-13,31041.0,31179.0,31017.0,31081.0,7680.0,8030.0
2016-09-12,31150.0,31206.0,30951.0,31019.0,12817.0,8036.0
2016-09-09,31245.0,31296.0,31130.0,31217.0,9971.0,8175.0
2016-09-08,31350.0,31380.0,31153.0,31203.0,10839.0,8384.0
2016-09-07,31440.0,31466.0,31250.0,31305.0,11165.0,8428.0
2016-09-06,30995.0,31410.0,30927.0,31378.0,13333.0,8514.0
2016-09-05,30930.0,31019.0,30922.0,30985.0,1957.0,8452.0
2016-09-02,30919.0,31065.0,30560.0,30920.0,18975.0,8481.0
2016-09-01,31501.0,31599.0,31451.0,31562.0,9211.0,10520.0
2016-08-31,30840.0,30884.0,30670.0,30724.0,12818.0,8774.0
2016-08-30,31045.0,31049.0,30805.0,30821.0,15470.0,8482.0
2016-08-29,30940.0,31093.0,30879.0,31075.0,9584.0,8941.0
2016-08-26,30910.0,31320.0,30891.0,30990.0,17860.0,8912.0
2016-08-25,31029.0,31054.0,30851.0,30928.0,11481.0,9312.0
2016-08-24,31290.0,31357.0,31027.0,31046.0,15870.0,9273.0
2016-08-23,31300.0,31415.0,31263.0,31370.0,13293.0,9520.0
2016-08-22,31325.0,31395.0,31204.0,31379.0,12483.0,9524.0
2016-08-19,31411.0,31492.0,31300.0,31404.0,15355.0,10292.0
2016-08-18,31399.0,31518.0,31355.0,31478.0,11438.0,10608.0
2016-08-17,31360.0,31415.0,31300.0,31368.0,10598.0,10533.0
2016-08-16,31250.0,31568.0,31250.0,31467.0,16879.0,10619.0
2016-08-12,31250.0,31577.0,31131.0,31219.0,19283.0,10598.0
2016-08-11,31350.0,31492.0,31262.0,31327.0,14369.0,10662.0
2016-08-10,31324.0,31565.0,31280.0,31393.0,14351.0,10575.0
2016-08-09,31174.0,31297.0,31062.0,31273.0,15146.0,10631.0
2016-08-08,31202.0,31215.0,31020.0,31176.0,11018.0,10357.0
2016-08-05,31804.0,31842.0,31208.0,31228.0,18744.0,10420.0
2016-08-04,31506.0,31675.0,31472.0,31620.0,105.0,683.0
2016-08-03,31809.0,31939.0,31592.0,31608.0,161.0,773.0
2016-08-02,31496.0,31839.0,31448.0,31775.0,355.0,903.0
2016-08-01,31250.0,31585.0,31250.0,31463.0,17552.0,9757.0
2016-07-29,31150.0,31598.0,31025.0,31549.0,16743.0,2703.0
2016-07-28,31149.0,31285.0,30955.0,31031.0,16243.0,5540.0
2016-07-27,30823.0,31019.0,30786.0,30986.0,13843.0,5835.0
2016-07-26,30782.0,30930.0,30682.0,30907.0,13389.0,6556.0
2016-07-25,30782.0,30930.0,30682.0,30907.0,13389.0,6556.0
2016-07-22,30952.0,30980.0,30780.0,30871.0,12717.0,6438.0
2016-07-21,30680.0,31045.0,30669.0,31005.0,18266.0,6538.0
2016-07-20,31065.0,31093.0,30705.0,30737.0,17841.0,6771.0
2016-07-19,31050.0,31114.0,30941.0,31094.0,13898.0,7506.0
2016-07-18,30901.0,31140.0,30881.0,31015.0,15802.0,7293.0
2016-07-15,30900.0,31100.0,30836.0,30977.0,19532.0,7261.0
2016-07-14,31150.0,31183.0,30726.0,30950.0,23085.0,7371.0
2016-07-13,31100.0,31320.0,31100.0,31274.0,13543.0,8069.0
2016-07-12,31608.0,31608.0,30992.0,31039.0,18508.0,8474.0
2016-07-11,31750.0,31888.0,31541.0,31578.0,11851.0,9045.0
2016-07-08,31875.0,31895.0,31331.0,31719.0,22620.0,9278.0
2016-07-07,32140.0,32175.0,31724.0,31881.0,19858.0,10017.0
2016-07-06,32388.0,32455.0,32068.0,32116.0,11613.0,10629.0
2016-07-05,31704.0,31974.0,31610.0,31953.0,20946.0,10568.0
2016-07-04,31600.0,31850.0,31600.0,31783.0,16414.0,10066.0
2016-07-01,28866.0,29148.0,28856.0,28990.0,14533.0,7458.0
2016-06-30,31220.0,31290.0,31131.0,31199.0,17845.0,9187.0
2016-06-29,31350.0,31459.0,31253.0,31315.0,19306.0,9419.0
2016-06-28,31450.0,31450.0,31161.0,31315.0,22125.0,9455.0
2016-06-27,31450.0,31740.0,31434.0,31548.0,21499.0,9821.0
2016-06-24,30020.0,31925.0,30020.0,31401.0,43337.0,9196.0
2016-06-23,30077.0,30190.0,29852.0,29914.0,23647.0,8608.0
2016-06-22,30251.0,30272.0,30055.0,30122.0,16852.0,8404.0
2016-06-21,30600.0,30610.0,30231.0,30296.0,21108.0,8735.0
2016-06-20,30550.0,30728.0,30340.0,30695.0,18696.0,9467.0
2016-05-25,29200.0,29214.0,28861.0,28955.0,16821.0,4715.0
2016-05-24,29687.0,29687.0,29275.0,29300.0,18053.0,5293.0
2016-05-23,29677.0,29727.0,29570.0,29684.0,10913.0,6026.0
2016-05-20,29718.0,29870.0,29653.0,29691.0,12846.0,6257.0
2016-05-19,29917.0,29917.0,29623.0,29797.0,16287.0,6399.0
2016-05-18,30041.0,30083.0,29911.0,30055.0,13815.0,7031.0
2016-05-17,29999.0,30140.0,29855.0,30049.0,16054.0,7188.0
2016-05-16,30064.0,30269.0,29912.0,29977.0,15065.0,7166.0
2016-05-13,29943.0,30068.0,29750.0,30034.0,16139.0,7398.0
2016-05-12,29886.0,30095.0,29757.0,29901.0,16824.0,7110.0
2016-05-11,29901.0,30075.0,29835.0,29935.0,15837.0,7087.0
2016-05-10,29797.0,29864.0,29607.0,29783.0,14615.0,7298.0
2016-05-09,30215.0,30215.0,29765.0,29805.0,17865.0,7478.0
2016-05-06,30120.0,30420.0,30000.0,30378.0,24454.0,8922.0
2016-05-05,30120.0,30180.0,29860.0,29897.0,18833.0,8535.0
2016-05-04,30150.0,30314.0,29966.0,29991.0,21523.0,9034.0
2016-05-03,30285.0,30448.0,30126.0,30224.0,22039.0,9525.0
2016-05-02,30300.0,30538.0,30240.0,30294.0,16784.0,9592.0
2016-04-29,29749.0,30375.0,29749.0,30266.0,22987.0,9629.0
2016-04-28,29350.0,29727.0,29275.0,29686.0,17679.0,9407.0
2016-04-27,29246.0,29435.0,29246.0,29383.0,15738.0,9035.0
2016-04-26,29287.0,29287.0,29013.0,29202.0,15437.0,8388.0
2016-04-25,29092.0,29300.0,29060.0,29262.0,14070.0,8331.0
2016-04-22,29373.0,29420.0,28986.0,29021.0,15811.0,8568.0
2016-04-21,29255.0,29756.0,29210.0,29357.0,24228.0,9031.0
2016-04-20,29324.0,29418.0,29170.0,29317.0,14000.0,9225.0
2016-04-19,29050.0,29375.0,29050.0,29326.0,9929.0,9283.0
2016-04-18,29010.0,29170.0,28934.0,28983.0,13670.0,8914.0
2016-04-15,28825.0,28993.0,28806.0,28959.0,6815.0,9036.0
2016-04-14,29050.0,29090.0,28715.0,28760.0,10572.0,8980.0
2016-04-13,29286.0,29286.0,29058.0,29202.0,14929.0,9593.0
2016-04-12,29284.0,29495.0,29240.0,29336.0,15675.0,9971.0
2016-04-11,29181.0,29400.0,29135.0,29330.0,16349.0,9938.0
2016-04-08,29145.0,29152.0,28851.0,29131.0,15784.0,9515.0
2016-04-07,28690.0,29140.0,28690.0,29060.0,21346.0,9715.0
2016-04-06,28785.0,28847.0,28579.0,28646.0,13208.0,8889.0
2016-04-05,28485.0,28947.0,28477.0,28761.0,19254.0,8839.0
2016-04-04,28080.0,28200.0,28056.0,28168.0,379.0,135.0
2016-04-01,28561.0,28640.0,27970.0,28040.0,1919.0,773.0
2016-03-31,28441.0,28682.0,28426.0,28549.0,10645.0,1669.0
2016-03-30,28655.0,28830.0,28361.0,28407.0,16044.0,3730.0
2016-03-29,28389.0,28782.0,28341.0,28743.0,17014.0,4546.0
2016-03-28,28525.0,28525.0,28270.0,28458.0,9581.0,5203.0
2016-03-24,28500.0,28665.0,28450.0,28599.0,3942.0,5564.0
2016-03-23,29000.0,29000.0,28512.0,28604.0,18211.0,5655.0
2016-03-22,28961.0,29340.0,28891.0,29049.0,19567.0,6366.0
2016-03-21,29100.0,29114.0,28820.0,28941.0,17020.0,6564.0
2016-03-18,29399.0,29450.0,29003.0,29131.0,15726.0,6923.0
2016-03-17,29185.0,29600.0,29185.0,29356.0,21421.0,6909.0
2016-03-16,29051.0,29145.0,28923.0,28966.0,13788.0,6882.0
2016-03-15,29125.0,29200.0,28872.0,29037.0,19804.0,7228.0
2016-03-14,29398.0,29577.0,29126.0,29187.0,18135.0,7598.0
2016-03-11,29850.0,29923.0,29462.0,29500.0,19733.0,7816.0
2016-03-10,29550.0,29961.0,29065.0,29931.0,33091.0,9155.0
2016-03-09,29666.0,29718.0,29301.0,29598.0,22478.0,8256.0
2016-03-08,29650.0,30161.0,29650.0,29809.0,23947.0,9111.0
2016-03-07,29850.0,29965.0,29544.0,29592.0,8920.0,8614.0
2016-03-04,29700.0,30040.0,29413.0,29766.0,32737.0,8537.0
2016-03-03,29275.0,29681.0,29245.0,29616.0,17468.0,8575.0
2016-03-02,29199.0,29391.0,29079.0,29339.0,21702.0,8853.0
2016-03-01,29650.0,29838.0,29186.0,29226.0,23870.0,8508.0
2016-02-29,29409.0,29750.0,29381.0,29513.0,24779.0,8993.0
2016-02-26,29650.0,29729.0,29152.0,29337.0,24666.0,8342.0
2016-02-25,29475.0,29820.0,29394.0,29774.0,23052.0,9892.0
2016-02-24,29403.0,29936.0,29241.0,29554.0,26121.0,9550.0
2016-02-23,29000.0,29397.0,29000.0,29302.0,20495.0,9055.0
2016-02-22,29101.0,29165.0,28801.0,28966.0,20524.0,8547.0
2016-02-19,29386.0,29638.0,29290.0,29515.0,19083.0,8945.0
2016-02-18,28888.0,29369.0,28707.0,29309.0,17668.0,8603.0
2016-02-17,28953.0,29050.0,28731.0,28888.0,16232.0,8152.0
2016-02-16,28610.0,29075.0,28425.0,28899.0,22632.0,8230.0
2016-02-15,29302.0,29302.0,28613.0,28690.0,16017.0,8232.0
2016-02-12,29600.0,29805.0,29340.0,29386.0,19603.0,8663.0
2016-02-11,28350.0,30095.0,28350.0,29791.0,34815.0,8749.0
2016-02-10,28350.0,28350.0,28025.0,28317.0,20873.0,9533.0
2016-02-09,28421.0,28507.0,28190.0,28437.0,21615.0,9697.0
2016-02-08,27578.0,28527.0,27578.0,28458.0,23117.0,9913.0
2016-02-05,27463.0,27576.0,27252.0,27524.0,20449.0,9937.0
2016-02-04,27200.0,27434.0,27182.0,27358.0,63.0,158.0
2016-02-03,27035.0,27240.0,26911.0,27198.0,100.0,211.0
2016-02-02,26848.0,26998.0,26750.0,26891.0,388.0,267.0
2016-02-01,26700.0,26883.0,26617.0,26782.0,2199.0,534.0
2016-01-29,26665.0,26695.0,26485.0,26638.0,12366.0,1830.0
2016-01-28,26844.0,26867.0,26600.0,26710.0,14516.0,4518.0
2016-01-25,26247.0,26442.0,26206.0,26387.0,13551.0,5938.0
2016-01-22,26281.0,26282.0,26100.0,26160.0,15203.0,5708.0
2016-01-21,26361.0,26507.0,26151.0,26190.0,22619.0,5904.0
2016-01-20,26199.0,26658.0,26164.0,26559.0,24217.0,6760.0
2016-01-19,26023.0,26080.0,25860.0,26057.0,14438.0,5858.0
2016-01-18,26053.0,26100.0,25966.0,26065.0,9727.0,6263.0
2016-01-15,25658.0,26215.0,25658.0,26112.0,20659.0,6208.0
2016-01-14,25824.0,26015.0,25591.0,25637.0,18090.0,5464.0
2016-01-13,25620.0,25790.0,25516.0,25735.0,15483.0,5615.0
2016-01-12,25883.0,25966.0,25614.0,25674.0,17690.0,5459.0
2016-01-11,26098.0,26118.0,25834.0,25870.0,16989.0,6187.0
2016-01-08,26022.0,26088.0,25770.0,25982.0,22325.0,6647.0
2016-01-07,25800.0,26123.0,25769.0,26100.0,23018.0,6584.0
2016-01-06,25469.0,25784.0,25439.0,25741.0,22275.0,6314.0
2016-01-05,25336.0,25490.0,25318.0,25388.0,14223.0,5355.0
2016-01-04,25040.0,25521.0,25034.0,25397.0,19483.0,5461.0
2016-01-01,24913.0,25039.0,24913.0,24962.0,1952.0,6256.0
2015-12-31,25009.0,25013.0,24850.0,24931.0,8255.0,6265.0
2015-12-30,25200.0,25217.0,24970.0,24982.0,12446.0,5991.0
2015-12-29,25207.0,25279.0,25111.0,25130.0,10953.0,5468.0
2015-12-28,25193.0,25205.0,25111.0,25125.0,7854.0,5395.0
2015-12-24,25123.0,25227.0,25092.0,25212.0,5249.0,5385.0
2015-12-23,25222.0,25240.0,25055.0,25067.0,11935.0,5711.0
2015-12-22,25339.0,25397.0,25230.0,25251.0,12003.0,5499.0
2015-12-21,25173.0,25413.0,25130.0,25385.0,15333.0,5538.0
2015-12-18,24871.0,25228.0,24846.0,25082.0,16879.0,5559.0
2015-12-17,25370.0,25370.0,24740.0,24841.0,21521.0,6377.0
2015-12-16,25307.0,25498.0,25203.0,25468.0,13786.0,5267.0
2015-12-15,25333.0,25419.0,25190.0,25266.0,13690.0,5276.0
2015-12-14,25606.0,25623.0,25335.0,25347.0,13580.0,5343.0
2015-12-11,25357.0,25714.0,25270.0,25679.0,18307.0,5762.0
2015-12-10,25515.0,25544.0,25391.0,25418.0,10355.0,5606.0
2015-12-09,25530.0,25747.0,25430.0,25602.0,15680.0,5763.0
2015-12-08,25500.0,25614.0,25387.0,25526.0,14580.0,5742.0
2015-12-07,25710.0,25715.0,25512.0,25552.0,9109.0,5799.0
2015-12-04,25279.0,26020.0,25157.0,25715.0,24055.0,6108.0
2015-12-03,24804.0,25060.0,24757.0,24937.0,206.0,187.0
2015-12-02,25065.0,25127.0,24814.0,24840.0,235.0,615.0
2015-12-01,25183.0,25218.0,24973.0,24994.0,2171.0,763.0
2015-11-30,24994.0,25115.0,24935.0,25069.0,9182.0,1941.0
2015-11-27,25244.0,25278.0,24965.0,25059.0,14446.0,4810.0
2015-11-26,25255.0,25337.0,25250.0,25281.0,7836.0,5080.0
2015-11-25,25243.0,25275.0,25141.0,25222.0,6980.0,5872.0
2015-11-24,25193.0,25379.0,25171.0,25289.0,12903.0,5750.0
2015-11-23,25183.0,25280.0,25081.0,25165.0,14031.0,6596.0
2015-11-20,25361.0,25491.0,25200.0,25243.0,15027.0,6725.0
2015-11-19,25186.0,25443.0,25100.0,25291.0,16551.0,6592.0
2015-11-18,24997.0,25174.0,24997.0,25094.0,12156.0,6986.0
2015-11-17,25290.0,25368.0,24960.0,25028.0,17985.0,7382.0
2015-11-16,25585.0,25725.0,25327.0,25347.0,17086.0,6933.0
2015-11-13,25390.0,25499.0,25336.0,25372.0,10521.0,7007.0
2015-11-12,25455.0,25540.0,25202.0,25329.0,10632.0,6902.0
2015-11-11,25508.0,25529.0,25460.0,25490.0,2346.0,7023.0
2015-11-10,25695.0,25725.0,25491.0,25582.0,10522.0,6730.0
2015-11-09,25722.0,25763.0,25625.0,25686.0,11943.0,6233.0
2015-11-06,25815.0,25899.0,25464.0,25523.0,18411.0,6966.0
2015-11-05,25819.0,25922.0,25743.0,25841.0,16109.0,6897.0
2015-11-04,25940.0,26073.0,25732.0,25771.0,15464.0,6823.0
2015-11-03,26393.0,26432.0,25884.0,25922.0,21067.0,6570.0
2015-11-02,26480.0,26540.0,26381.0,26409.0,9922.0,6781.0
2015-10-30,26588.0,26625.0,26461.0,26499.0,14051.0,6689.0
2015-10-29,27040.0,27040.0,26605.0,26621.0,19482.0,6740.0
2015-10-28,26945.0,27189.0,26932.0,27073.0,14495.0,7574.0
2015-10-27,26806.0,26940.0,26780.0,26925.0,10218.0,7232.0
2015-10-26,26834.0,26927.0,26770.0,26823.0,11534.0,7201.0
2015-10-23,26874.0,27095.0,26726.0,26809.0,18495.0,6808.0
2015-10-22,26963.0,27008.0,26843.0,26865.0,7526.0,7245.0
2015-10-21,27120.0,27197.0,26925.0,26955.0,12480.0,7525.0
2015-10-20,26927.0,27190.0,26913.0,27112.0,15878.0,8198.0
2015-10-19,27111.0,27111.0,26922.0,27006.0,10477.0,7836.0
2015-10-16,27225.0,27225.0,27063.0,27150.0,11698.0,7966.0
2015-10-15,27211.0,27368.0,27061.0,27257.0,21020.0,8124.0
2015-10-14,27108.0,27290.0,26900.0,27206.0,20776.0,8328.0
2015-10-13,26725.0,27026.0,26631.0,26979.0,17662.0,7247.0
2015-10-12,26675.0,26938.0,26664.0,26788.0,14756.0,6611.0
2015-10-09,26424.0,26696.0,26402.0,26622.0,15137.0,6350.0
2015-10-08,26501.0,26534.0,26337.0,26446.0,14517.0,6226.0
2015-10-07,26700.0,26788.0,26416.0,26555.0,17486.0,6157.0
2015-10-06,26424.0,26728.0,26385.0,26621.0,15989.0,6259.0
2015-10-05,26150.0,26520.0,26150.0,26383.0,15207.0,6144.0
2015-10-01,25827.0,25875.0,25711.0,25773.0,1479.0,560.0
2015-09-30,26212.0,26212.0,25760.0,25856.0,16243.0,1152.0
2015-09-29,26536.0,26568.0,26211.0,26243.0,17451.0,4333.0
2015-09-28,26734.0,26734.0,26734.0,26734.0,15359.0,4985.0
2015-09-25,26825.0,26825.0,26628.0,26952.0,10038.0,5616.0
2015-09-24,26467.0,26467.0,26467.0,26467.0,20076.0,6047.0
2015-09-23,26238.0,26238.0,26238.0,26238.0,13903.0,6172.0
2015-09-22,26345.0,26345.0,26345.0,26345.0,18386.0,6513.0
2015-09-21,26469.0,26469.0,26469.0,26469.0,12199.0,6707.0
2015-09-18,26350.0,26590.0,26313.0,26168.0,17240.0,6724.0
2015-09-17,26291.0,26291.0,26291.0,26291.0,5919.0,6725.0
2015-09-16,25980.0,25980.0,25980.0,25980.0,19631.0,6995.0
2015-09-15,26070.0,26070.0,26070.0,26070.0,8491.0,7861.0
2015-09-14,25967.0,25967.0,25967.0,25967.0,10075.0,7547.0
2015-09-11,26163.0,26163.0,26163.0,26163.0,13422.0,7965.0
2015-09-10,26057.0,26057.0,26057.0,26057.0,15255.0,7551.0
2015-09-09,26424.0,26424.0,26424.0,26424.0,12326.0,7973.0
2015-09-08,26500.0,26500.0,26500.0,26500.0,9451.0,7429.0
2015-09-07,26532.0,26532.0,26532.0,26532.0,6439.0,7432.0
2015-09-04,26422.0,26683.0,26402.0,26394.0,17659.0,7397.0
2015-09-03,26629.0,26629.0,26629.0,26629.0,15241.0,7611.0
2015-09-02,26833.0,26833.0,26833.0,26833.0,17686.0,7489.0
2015-09-01,26682.0,26682.0,26682.0,26682.0,15393.0,8468.0
2015-08-31,26623.0,26623.0,26623.0,26623.0,11096.0,7718.0
2015-08-28,26278.0,26278.0,26278.0,26278.0,15634.0,7730.0
2015-08-27,26471.0,26471.0,26471.0,26471.0,15136.0,7724.0
2015-08-26,26740.0,26740.0,26740.0,26740.0,27734.0,7408.0
2015-08-25,27448.0,27448.0,27448.0,27448.0,23951.0,7708.0
2015-08-24,27300.0,27833.0,27213.0,27239.0,25865.0,8827.0
2015-08-21,27145.0,27330.0,26851.0,26849.0,27819.0,8663.0
2015-08-20,26196.0,26196.0,26196.0,26196.0,22958.0,8934.0
2015-08-19,26008.0,26008.0,26008.0,26008.0,19269.0,9254.0
2015-08-18,26032.0,26032.0,26032.0,26032.0,17865.0,8846.0
2015-08-17,25768.0,25768.0,25768.0,25768.0,11131.0,8889.0
2015-08-14,25825.0,25938.0,25740.0,25895.0,14188.0,8367.0
2015-08-13,26014.0,26014.0,26014.0,26014.0,14190.0,8902.0
2015-08-12,25426.0,25426.0,25426.0,25426.0,21330.0,9197.0
2015-08-11,25122.0,25122.0,25122.0,25122.0,19977.0,9062.0
2015-08-10,24895.0,24895.0,24895.0,24895.0,16850.0,8953.0
2015-08-07,24767.0,24985.0,24710.0,24788.0,20133.0,9110.0
2015-08-06,24691.0,24691.0,24691.0,24691.0,11573.0,9135.0
2015-08-05,24783.0,24783.0,24783.0,24783.0,12279.0,9435.0
2015-08-04,24761.0,24761.0,24761.0,24761.0,125.0,100.0
2015-08-03,24813.0,24813.0,24813.0,24813.0,1201.0,105.0
2015-07-31,24668.0,24892.0,24535.0,24718.0,14766.0,728.0
2015-07-30,24720.0,24720.0,24720.0,24720.0,16476.0,3116.0
2015-07-29,24752.0,24752.0,24752.0,24752.0,15365.0,4333.0
2015-07-28,24899.0,24899.0,24899.0,24899.0,16607.0,4750.0
2015-07-27,24731.0,24731.0,24731.0,24731.0,22822.0,5110.0
2015-07-24,24734.0,24734.0,24734.0,24734.0,22510.0,5607.0
2015-07-23,24677.0,24677.0,24677.0,24677.0,18904.0,6208.0
2015-07-22,24897.0,24897.0,24897.0,24897.0,19770.0,6819.0
2015-07-21,25034.0,25034.0,25034.0,25034.0,15987.0,7496.0
2015-07-20,25498.0,25498.0,25498.0,25498.0,19822.0,7838.0
2015-07-17,25733.0,25756.0,25461.0,25771.0,13158.0,8437.0
2015-07-16,25847.0,25847.0,25847.0,25847.0,10644.0,7997.0
2015-07-15,25927.0,25927.0,25927.0,25927.0,11648.0,7970.0
2015-07-14,26024.0,26024.0,26024.0,26024.0,10572.0,7894.0
2015-07-13,26058.0,26058.0,26058.0,26058.0,10871.0,7480.0
2015-07-10,26088.0,26158.0,26017.0,26064.0,9232.0,7178.0
2015-07-09,26213.0,26213.0,26213.0,26213.0,12523.0,7159.0
2015-07-08,26032.0,26032.0,26032.0,26032.0,16245.0,6811.0
2015-07-07,26328.0,26328.0,26328.0,26328.0,16872.0,7625.0
2015-07-06,26352.0,26352.0,26352.0,26352.0,9856.0,7556.0
2015-07-03,26244.0,26387.0,26217.0,26195.0,8056.0,7615.0
2015-07-02,26411.0,26411.0,26411.0,26411.0,13722.0,8188.0
2015-07-01,26471.0,26471.0,26471.0,26471.0,9968.0,7629.0
2015-06-30,26671.0,26671.0,26671.0,26671.0,15499.0,7435.0
2015-06-29,26524.0,26524.0,26524.0,26524.0,13743.0,7515.0
2015-06-26,26538.0,26589.0,26412.0,26485.0,12083.0,8525.0
2015-06-25,26533.0,26533.0,26533.0,26533.0,9461.0,8640.0
2015-06-24,26597.0,26597.0,26597.0,26597.0,11539.0,8794.0
2015-06-23,26702.0,26702.0,26702.0,26702.0,12616.0,8604.0
2015-06-22,27039.0,27039.0,26911.0,27081.0,4500.0,8951.0
2015-06-19,27138.0,27187.0,27025.0,27156.0,8334.0,8625.0
2015-06-18,26880.0,26880.0,26880.0,26880.0,14299.0,8902.0
2015-06-17,26956.0,26956.0,26956.0,26956.0,8588.0,7989.0
2015-06-16,27029.0,27029.0,27029.0,27029.0,9843.0,8132.0
2015-06-15,26894.0,26894.0,26894.0,26894.0,12976.0,8097.0
2015-06-12,26892.0,26892.0,26892.0,26892.0,8582.0,8033.0
2015-06-11,26971.0,26971.0,26971.0,26971.0,11002.0,7865.0
2015-06-10,26868.0,26868.0,26868.0,26868.0,10671.0,8088.0
2015-06-09,26795.0,26795.0,26795.0,26795.0,11774.0,7912.0
2015-06-08,26721.0,26721.0,26721.0,26721.0,8720.0,8201.0
2015-06-05,26851.0,26884.0,26572.0,26838.0,14095.0,8340.0
2015-06-04,26808.0,26808.0,26808.0,26808.0,90.0,236.0
2015-06-03,26850.0,26850.0,26850.0,26850.0,90.0,260.0
2015-06-02,26692.0,26692.0,26692.0,26692.0,292.0,287.0
2015-06-01,26860.0,26860.0,26860.0,26860.0,2961.0,504.0
2015-05-29,26875.0,26925.0,26780.0,26861.0,9723.0,2067.0
2015-05-28,26877.0,26877.0,26877.0,26877.0,11507.0,3534.0
2015-05-27,26892.0,26892.0,26892.0,26892.0,11151.0,4700.0
2015-05-26,27161.0,27161.0,27161.0,27161.0,13724.0,5075.0
2015-05-25,27082.0,27082.0,27082.0,27082.0,5372.0,5124.0
2015-05-22,27159.0,27297.0,27053.0,27108.0,11582.0,5369.0
2015-05-21,27284.0,27284.0,27284.0,27284.0,12274.0,5971.0
2015-05-20,27296.0,27296.0,27296.0,27296.0,11648.0,5994.0
2015-05-19,27617.0,27617.0,27617.0,27617.0,17270.0,6209.0
2015-05-18,27463.0,27463.0,27463.0,27463.0,11081.0,6800.0
2015-05-15,27400.0,27480.0,27246.0,27434.0,13661.0,6607.0
2015-05-14,27528.0,27528.0,27528.0,27528.0,15264.0,6867.0
2015-05-13,27167.0,27167.0,27167.0,27167.0,21033.0,7193.0
2015-05-12,26839.0,26839.0,26839.0,26839.0,19681.0,6500.0
2015-05-11,26889.0,26889.0,26889.0,26889.0,13524.0,5949.0
2015-05-08,26934.0,26934.0,26934.0,26934.0,13426.0,5872.0
2015-05-07,26911.0,26911.0,26911.0,26911.0,14547.0,6249.0
2015-05-06,26880.0,26880.0,26880.0,26880.0,12851.0,6097.0
2015-05-05,26868.0,26868.0,26868.0,26868.0,13690.0,6244.0
2015-05-04,26636.0,26636.0,26636.0,26636.0,7661.0,6356.0
2015-05-01,26716.0,26716.0,26716.0,26716.0,7656.0,7225.0
2015-04-30,27238.0,27238.0,27238.0,27238.0,19252.0,6556.0
2015-04-29,27190.0,27190.0,27190.0,27190.0,13099.0,6784.0
2015-04-28,27083.0,27083.0,27083.0,27083.0,13416.0,6839.0
2015-04-27,26771.0,26800.0,26707.0,26701.0,5262.0,7073.0
2015-04-24,26900.0,26900.0,26900.0,26900.0,14867.0,6573.0
2015-04-23,26624.0,26624.0,26624.0,26624.0,12023.0,6632.0
2015-04-22,26936.0,26936.0,26936.0,26936.0,13964.0,7069.0
2015-04-21,26837.0,26837.0,26837.0,26837.0,10000.0,7073.0
2015-04-20,26812.0,26812.0,26812.0,26812.0,12118.0,7057.0
2015-04-17,26617.0,26840.0,26617.0,26645.0,11166.0,7517.0
2015-04-16,26737.0,26737.0,26737.0,26737.0,13278.0,7461.0
2015-04-15,26544.0,26544.0,26544.0,26544.0,13358.0,7449.0
2015-04-14,26699.0,26699.0,26699.0,26699.0,9227.0,7672.0
2015-04-13,26781.0,26781.0,26781.0,26781.0,10963.0,7537.0
2015-04-10,26577.0,26840.0,26534.0,26521.0,13628.0,7753.0
2015-04-09,26760.0,26760.0,26760.0,26760.0,13019.0,8036.0
2015-04-08,26875.0,26875.0,26875.0,26875.0,10909.0,8102.0
2015-04-07,26997.0,26997.0,26997.0,26997.0,9689.0,8068.0
2015-04-06,26645.0,27049.0,26645.0,26597.0,7045.0,8204.0
2015-04-02,26719.0,26719.0,26719.0,26719.0,9402.0,7484.0
2015-04-01,26204.0,26204.0,26204.0,26204.0,1117.0,449.0
2015-03-31,26270.0,26270.0,26270.0,26270.0,8005.0,1157.0
2015-03-30,26569.0,26569.0,26569.0,26569.0,11569.0,4786.0
2015-03-27,26801.0,26801.0,26801.0,26801.0,15662.0,6057.0
2015-03-26,26483.0,26483.0,26483.0,26483.0,15965.0,6535.0
2015-03-25,26351.0,26351.0,26351.0,26351.0,14264.0,7389.0
2015-03-24,26198.0,26198.0,26198.0,26198.0,13436.0,7914.0
2015-03-23,26182.0,26182.0,26182.0,26182.0,11018.0,8280.0
2015-03-20,25980.0,26236.0,25900.0,25962.0,16836.0,8039.0
2015-03-19,25637.0,25637.0,25637.0,25637.0,18860.0,8920.0
2015-03-18,25617.0,25617.0,25617.0,25617.0,16015.0,9716.0
2015-03-17,25783.0,25783.0,25783.0,25783.0,20189.0,10051.0
2015-03-16,25890.0,25890.0,25890.0,25890.0,13111.0,10128.0
2015-03-13,25655.0,25655.0,25655.0,25655.0,18010.0,9332.0
2015-03-12,25685.0,25685.0,25685.0,25685.0,21426.0,10140.0
2015-03-11,25919.0,25919.0,25919.0,25919.0,18942.0,9804.0
2015-03-10,26024.0,26024.0,26024.0,26024.0,21985.0,9138.0
2015-03-09,26012.0,26012.0,26012.0,26012.0,11848.0,9769.0
2015-03-05,26547.0,26547.0,26547.0,26547.0,11966.0,8797.0
2015-03-04,26427.0,26427.0,26427.0,26427.0,14021.0,9011.0
2015-03-03,26510.0,26510.0,26510.0,26510.0,13712.0,8877.0
2015-03-02,26477.0,26477.0,26477.0,26477.0,14398.0,8810.0
2015-02-27,26216.0,26216.0,26216.0,26216.0,12922.0,8503.0
2015-02-26,26123.0,26123.0,26123.0,26123.0,13498.0,8260.0
2015-02-25,26059.0,26059.0,26059.0,26059.0,16298.0,8264.0
2015-02-24,26153.0,26153.0,26153.0,26153.0,17986.0,8417.0
2015-02-23,26277.0,26277.0,26277.0,26277.0,18324.0,8115.0
2015-02-20,26266.0,26266.0,26266.0,26266.0,15420.0,8411.0
2015-02-19,26137.0,26137.0,26137.0,26137.0,15730.0,8828.0
2015-02-18,26219.0,26219.0,26219.0,26219.0,15246.0,9065.0
2015-02-17,26704.0,26704.0,26704.0,26704.0,12777.0,9201.0
2015-02-16,26691.0,26691.0,26691.0,26691.0,6876.0,8166.0
2015-02-13,26519.0,26519.0,26519.0,26519.0,12579.0,8228.0
2015-02-12,26665.0,26665.0,26665.0,26665.0,15751.0,8705.0
2015-02-11,26856.0,26856.0,26856.0,26856.0,13148.0,8769.0
2015-02-10,26944.0,26944.0,26944.0,26944.0,11170.0,8062.0
2015-02-09,26802.0,26802.0,26802.0,26802.0,10080.0,8071.0
2015-02-06,27301.0,27301.0,27301.0,27301.0,19941.0,8545.0
2015-02-05,27402.0,27402.0,27402.0,27402.0,17703.0,8415.0
2015-02-04,27498.0,27498.0,27498.0,27498.0,103.0,143.0
2015-02-03,27840.0,27840.0,27840.0,27840.0,376.0,201.0
2015-02-02,27895.0,27895.0,27895.0,27895.0,1113.0,350.0
2015-01-30,27419.0,27419.0,27419.0,27419.0,15340.0,952.0
2015-01-29,27759.0,27759.0,27759.0,27759.0,20032.0,4088.0
2015-01-28,27902.0,27902.0,27902.0,27902.0,13467.0,6181.0
2015-01-27,27864.0,27864.0,27864.0,27864.0,19142.0,6988.0
2015-01-23,28036.0,28036.0,28036.0,28036.0,13477.0,7213.0
2015-01-22,27977.0,27977.0,27977.0,27977.0,22664.0,8044.0
2015-01-21,28085.0,28085.0,28085.0,28085.0,21296.0,8047.0
2015-01-20,27700.0,27700.0,27700.0,27700.0,21409.0,8406.0
2015-01-19,27654.0,27654.0,27654.0,27654.0,9906.0,8027.0
2015-01-16,27525.0,27790.0,27386.0,27492.0,19737.0,8316.0
2015-01-15,27201.0,27201.0,27201.0,27201.0,33035.0,8538.0
2015-01-14,27055.0,27055.0,27055.0,27055.0,18175.0,7929.0
2015-01-13,27030.0,27030.0,27030.0,27030.0,17556.0,7887.0
2015-01-12,26800.0,26800.0,26800.0,26800.0,16062.0,7026.0
2015-01-09,26778.0,26820.0,26726.0,26801.0,4916.0,7620.0
2015-01-08,27161.0,27161.0,27161.0,27161.0,16463.0,6683.0
2015-01-07,27348.0,27360.0,27207.0,27394.0,15811.0,6808.0
2015-01-06,27100.0,27315.0,27083.0,27038.0,20747.0,7184.0
2015-01-05,26815.0,26946.0,26755.0,26730.0,16201.0,7007.0
2015-01-02,26740.0,26747.0,26590.0,26700.0,18918.0,6803.0
2015-01-01,26698.0,26759.0,26670.0,26703.0,1855.0,7109.0
2014-12-31,27030.0,27055.0,26860.0,27049.0,10916.0,7097.0
2014-12-30,26845.0,26918.0,26739.0,26764.0,15711.0,7078.0
2014-12-29,27031.0,27070.0,26969.0,27073.0,9289.0,7123.0
2014-12-26,26733.0,27109.0,26733.0,26584.0,12404.0,7273.0
2014-12-24,26587.0,26670.0,26555.0,26625.0,7128.0,7302.0
2014-12-23,26592.0,26749.0,26535.0,26608.0,11635.0,7459.0
2014-12-22,26965.0,27050.0,26867.0,26998.0,12447.0,7882.0
2014-12-19,26849.0,27046.0,26825.0,26815.0,11893.0,8006.0
2014-12-18,26999.0,27263.0,26937.0,26955.0,18758.0,8306.0
2014-12-17,27150.0,27239.0,27075.0,27194.0,16505.0,8377.0
2014-12-16,27225.0,27225.0,26986.0,27320.0,30152.0,8523.0
2014-12-15,27155.0,27198.0,27036.0,27209.0,15288.0,9148.0
2014-12-12,27265.0,27288.0,27026.0,27258.0,14450.0,8929.0
2014-12-11,27161.0,27205.0,27031.0,27191.0,16518.0,9238.0
2014-12-10,27161.0,27340.0,27089.0,27159.0,16737.0,8978.0
2014-12-09,26400.0,26649.0,26400.0,26361.0,23481.0,8803.0
2014-12-08,26400.0,26459.0,26352.0,26357.0,10826.0,8121.0
2014-12-05,26566.0,26680.0,26316.0,26636.0,16132.0,7962.0
2014-12-04,26472.0,26472.0,26275.0,26477.0,41.0,132.0
2014-12-03,26237.0,26388.0,26221.0,26188.0,140.0,205.0
2014-12-02,26314.0,26437.0,26110.0,26509.0,675.0,1025.0
2014-12-01,25401.0,26043.0,25224.0,25794.0,3008.0,1283.0
2014-11-28,26155.0,26230.0,25741.0,26247.0,15839.0,2009.0
2014-11-27,26308.0,26308.0,26131.0,26362.0,12056.0,5006.0
2014-11-26,26363.0,26417.0,26293.0,26326.0,10467.0,6752.0
2014-11-25,26492.0,26533.0,26453.0,26480.0,17022.0,7735.0
2014-11-24,26402.0,26540.0,26402.0,26391.0,11504.0,8061.0
2014-11-21,26483.0,26629.0,26348.0,26463.0,18781.0,8348.0
2014-11-20,26550.0,26600.0,26366.0,26711.0,17269.0,8158.0
2014-11-19,26575.0,26810.0,26553.0,26596.0,25380.0,8014.0
2014-11-18,26426.0,26774.0,26392.0,26330.0,19845.0,8477.0
2014-11-17,26417.0,26469.0,26307.0,26466.0,16781.0,8048.0
2014-11-14,25826.0,25826.0,25585.0,25822.0,26638.0,7563.0
2014-11-13,25842.0,25930.0,25682.0,25788.0,19482.0,7672.0
2014-11-12,25818.0,25925.0,25792.0,25796.0,16520.0,7901.0
2014-11-11,25653.0,25653.0,25433.0,25733.0,18920.0,7951.0
2014-11-10,25958.0,26036.0,25825.0,25932.0,15485.0,7472.0
2014-11-07,25425.0,25963.0,25164.0,25461.0,28750.0,7213.0
2014-11-06,25493.0,25493.0,25493.0,25493.0,9027.0,6986.0
2014-11-05,25850.0,25850.0,25422.0,25963.0,25129.0,7155.0
2014-11-04,26077.0,26077.0,26077.0,26077.0,10547.0,7732.0
2014-11-03,26000.0,26263.0,25940.0,26135.0,14643.0,7456.0
2014-10-31,26563.0,26590.0,25881.0,26603.0,25801.0,8021.0
2014-10-30,26990.0,26990.0,26714.0,27079.0,16538.0,7799.0
2014-10-29,27187.0,27195.0,27152.0,27135.0,11156.0,7397.0
2014-10-28,27185.0,27190.0,27135.0,27214.0,12719.0,7388.0
2014-10-27,27168.0,27238.0,27130.0,27176.0,8903.0,7346.0
2014-10-24,27125.0,27125.0,27125.0,27125.0,3267.0,7200.0
2014-10-23,27405.0,27405.0,27090.0,27481.0,4693.0,7201.0
2014-10-22,27525.0,27542.0,27411.0,27554.0,8965.0,7283.0
2014-10-21,27473.0,27640.0,27462.0,27415.0,13039.0,7311.0
2014-10-20,27219.0,27490.0,27204.0,27256.0,11132.0,7073.0
2014-10-17,27425.0,27488.0,27287.0,27449.0,14699.0,7014.0
2014-10-16,27270.0,27610.0,27270.0,27252.0,18187.0,7823.0
2014-10-14,27070.0,27297.0,27055.0,26972.0,17452.0,7678.0
2014-10-13,27022.0,27246.0,26956.0,26964.0,14533.0,7583.0
2014-10-10,26934.0,27048.0,26845.0,26958.0,12774.0,7690.0
2014-10-09,26845.0,27048.0,26845.0,26737.0,16045.0,7455.0
2014-10-08,26830.0,26995.0,26705.0,26810.0,14291.0,7499.0
2014-10-07,26657.0,26820.0,26641.0,26721.0,12640.0,7281.0
2014-10-06,26534.0,26534.0,26534.0,26534.0,6662.0,7098.0
2014-10-03,26955.0,26955.0,26506.0,27001.0,8379.0,7200.0
2014-10-01,27018.0,27192.0,26800.0,27129.0,4640.0,2788.0
2014-09-30,26901.0,27137.0,26792.0,26913.0,8879.0,4187.0
2014-09-29,26793.0,26793.0,26793.0,26793.0,9487.0,7051.0
2014-09-26,26920.0,27135.0,26753.0,26935.0,17681.0,7787.0
2014-09-25,26505.0,26926.0,26380.0,26549.0,20002.0,8711.0
2014-09-24,26672.0,26740.0,26528.0,26669.0,15470.0,9189.0
2014-09-23,26580.0,26944.0,26471.0,26588.0,18413.0,9412.0
2014-09-22,26464.0,26650.0,26313.0,26496.0,16385.0,9918.0
2014-09-19,26634.0,26665.0,26480.0,26659.0,17494.0,10046.0
2014-09-18,26845.0,26845.0,26560.0,26901.0,16373.0,10317.0
2014-09-17,27001.0,27001.0,26865.0,26954.0,11245.0,10174.0
2014-09-16,27025.0,27114.0,26920.0,26999.0,17840.0,10127.0
2014-09-15,26937.0,27117.0,26911.0,26898.0,16306.0,10085.0
2014-09-12,26945.0,26984.0,26790.0,26986.0,16200.0,10255.0
2014-09-11,27200.0,27245.0,26953.0,27179.0,20644.0,10218.0
2014-09-10,27334.0,27429.0,27222.0,27261.0,15447.0,10439.0
2014-09-09,27213.0,27299.0,27156.0,27204.0,16073.0,10303.0
2014-09-08,27431.0,27480.0,27113.0,27378.0,11870.0,10405.0
2014-09-05,27406.0,27537.0,27332.0,27461.0,13929.0,10332.0
2014-09-04,27596.0,27632.0,27388.0,27570.0,16358.0,10320.0
2014-09-03,27569.0,27620.0,27368.0,27554.0,16740.0,9994.0
2014-09-02,27883.0,27898.0,27553.0,27934.0,18252.0,10160.0
2014-09-01,27958.0,27967.0,27907.0,27996.0,4642.0,9698.0
2014-08-29,28020.0,28037.0,27884.0,28075.0,5420.0,9563.0
2014-08-28,27824.0,28178.0,27824.0,27780.0,16156.0,9662.0
2014-08-27,27863.0,27925.0,27773.0,27895.0,9897.0,9553.0
2014-08-26,27813.0,28040.0,27804.0,27771.0,14074.0,9333.0
2014-08-25,27774.0,27848.0,27715.0,27813.0,9500.0,9426.0
2014-08-22,27791.0,27880.0,27714.0,27747.0,12908.0,9363.0
2014-08-21,28161.0,28161.0,27832.0,28212.0,18713.0,9781.0
2014-08-20,28258.0,28282.0,28150.0,28252.0,11133.0,9374.0
2014-08-19,28321.0,28360.0,28204.0,28295.0,11111.0,9280.0
2014-08-18,28505.0,28505.0,28256.0,28614.0,9908.0,9369.0
2014-08-14,28682.0,28775.0,28501.0,28688.0,15006.0,9295.0
2014-08-13,28640.0,28750.0,28587.0,28730.0,13944.0,9906.0
2014-08-12,28561.0,28891.0,28550.0,28633.0,13177.0,10097.0
2014-08-11,28569.0,28693.0,28528.0,28604.0,8626.0,9815.0
2014-08-08,28845.0,29085.0,28566.0,28770.0,17298.0,9541.0
2014-08-07,28595.0,28820.0,28531.0,28633.0,14871.0,10069.0
2014-08-06,28175.0,28717.0,28175.0,28114.0,18788.0,9972.0
2014-08-05,28073.0,28154.0,28015.0,28100.0,11506.0,9051.0
2014-08-04,28035.0,28099.0,27866.0,28054.0,743.0,912.0
2014-08-01,27845.0,28123.0,27798.0,27818.0,1505.0,1580.0
2014-07-31,27805.0,27956.0,27752.0,27934.0,10458.0,2354.0
2014-07-30,27853.0,27938.0,27723.0,27866.0,12485.0,4470.0
2014-07-29,28000.0,28090.0,27825.0,27926.0,8116.0,5088.0
2014-07-28,28000.0,28035.0,27880.0,27938.0,9724.0,5465.0
2014-07-25,27661.0,27965.0,27651.0,27626.0,11199.0,6185.0
2014-07-24,27850.0,27850.0,27612.0,27882.0,14827.0,6363.0
2014-07-23,27924.0,27995.0,27852.0,27895.0,12865.0,7259.0
2014-07-22,28070.0,28070.0,27865.0,28087.0,4496.0,8122.0
2014-07-21,28015.0,28217.0,27983.0,27993.0,9384.0,8233.0
2014-07-18,28158.0,28179.0,27917.0,28199.0,12642.0,8032.0
2014-07-17,27745.0,28398.0,27743.0,27676.0,24019.0,8517.0
2014-07-16,27667.0,27735.0,27583.0,27648.0,15692.0,8449.0
2014-07-15,27857.0,27948.0,27587.0,27762.0,16999.0,8790.0
2014-07-14,28221.0,28304.0,27763.0,28356.0,19027.0,8657.0
2014-07-11,28528.0,28528.0,28231.0,28496.0,15128.0,8847.0
2014-07-10,27655.0,28589.0,27500.0,27613.0,31452.0,9333.0
2014-07-09,27545.0,27698.0,27544.0,27519.0,12584.0,9099.0
2014-07-08,27507.0,27629.0,27381.0,27490.0,14508.0,8586.0
2014-07-07,27482.0,27511.0,27382.0,27557.0,9740.0,8687.0
2014-07-04,27487.0,27595.0,27451.0,27464.0,9490.0,8701.0
2014-07-03,27564.0,27634.0,27363.0,27663.0,15289.0,8289.0
2014-07-02,27799.0,27800.0,27532.0,27746.0,13619.0,8579.0
2014-07-01,27867.0,27940.0,27801.0,27776.0,11909.0,8940.0
2014-06-30,27632.0,27720.0,27561.0,27672.0,11768.0,8860.0
2014-06-27,27705.0,27799.0,27605.0,27667.0,10952.0,8868.0
2014-06-26,27703.0,27703.0,27552.0,27751.0,16605.0,9041.0
2014-06-25,27700.0,27790.0,27587.0,27731.0,15558.0,9165.0
2014-06-24,27641.0,27870.0,27585.0,27678.0,15396.0,9083.0
2014-06-23,27616.0,27746.0,27572.0,27668.0,12656.0,8850.0
2014-06-20,27636.0,27820.0,27468.0,27611.0,18348.0,8419.0
2014-06-19,26827.0,27315.0,26800.0,26826.0,22759.0,8727.0
2014-06-18,26787.0,26964.0,26690.0,26839.0,16094.0,8741.0
2014-06-17,26775.0,26841.0,26550.0,26831.0,14910.0,9046.0
2014-06-16,26650.0,27035.0,26650.0,26627.0,15249.0,8658.0
2014-06-13,26362.0,26660.0,26321.0,26330.0,12970.0,9012.0
2014-06-12,26077.0,26232.0,25980.0,26073.0,14803.0,9226.0
2014-06-11,26189.0,26199.0,25956.0,26139.0,13029.0,8768.0
2014-06-10,25984.0,26139.0,25951.0,25982.0,12114.0,8429.0
2014-06-09,25825.0,26010.0,25811.0,25863.0,8520.0,8519.0
2014-06-06,25936.0,25988.0,25755.0,25975.0,11746.0,8825.0
2014-06-05,25840.0,25975.0,25760.0,25857.0,13031.0,8860.0
2014-06-04,26769.0,26799.0,26631.0,26735.0,225.0,205.0
2014-06-03,26690.0,26875.0,26635.0,26701.0,427.0,481.0
2014-06-02,26830.0,26939.0,26655.0,26863.0,2115.0,681.0
2014-05-30,26816.0,26910.0,26709.0,26830.0,10402.0,1558.0
2014-05-29,26807.0,26945.0,26560.0,26834.0,16631.0,4284.0
2014-05-28,26937.0,26970.0,26735.0,26958.0,15032.0,6276.0
2014-05-27,27525.0,27525.0,26883.0,27483.0,18138.0,7133.0
2014-05-26,27325.0,27408.0,27292.0,27349.0,7554.0,7080.0
2014-05-23,27295.0,27395.0,27155.0,27241.0,10263.0,7831.0
2014-05-22,27300.0,27520.0,27100.0,27373.0,19994.0,7734.0
2014-05-21,28245.0,28277.0,27710.0,28186.0,24045.0,8925.0
2014-05-20,28120.0,28245.0,28062.0,28144.0,11384.0,10323.0
2014-05-19,28050.0,28299.0,28030.0,28089.0,10629.0,10487.0
2014-05-16,28351.0,28351.0,28014.0,28408.0,11328.0,10348.0
2014-05-15,28680.0,28686.0,28405.0,28704.0,13254.0,9975.0
2014-05-14,28599.0,28749.0,28599.0,28462.0,7200.0,10152.0
2014-05-13,28590.0,28650.0,28456.0,28628.0,10626.0,10121.0
2014-05-12,28474.0,28798.0,28350.0,28525.0,12062.0,10112.0
2014-05-09,28589.0,28648.0,28487.0,28523.0,9271.0,9838.0
2014-05-08,28555.0,28624.0,28452.0,28520.0,10908.0,9889.0
2014-05-07,28943.0,29036.0,28642.0,28887.0,15589.0,9838.0
2014-05-06,28913.0,28959.0,28834.0,28935.0,10602.0,10016.0
2014-05-05,28920.0,29039.0,28875.0,28871.0,10096.0,9827.0
2014-05-02,28597.0,28889.0,28420.0,28580.0,16142.0,9974.0
2014-05-01,28825.0,28825.0,28510.0,28887.0,8998.0,9687.0
2014-04-30,28725.0,28765.0,28583.0,28750.0,17101.0,9898.0
2014-04-29,28902.0,28902.0,28691.0,28970.0,15617.0,10189.0
2014-04-28,28980.0,29020.0,28875.0,28905.0,10379.0,10219.0
2014-04-25,28845.0,28965.0,28757.0,28790.0,15677.0,10418.0
2014-04-23,28645.0,28815.0,28645.0,28599.0,12383.0,10188.0
2014-04-22,28536.0,28678.0,28482.0,28527.0,15452.0,10114.0
2014-04-21,28425.0,28569.0,28282.0,28505.0,11782.0,10019.0
2014-04-17,28550.0,28617.0,28460.0,28589.0,10930.0,9392.0
2014-04-16,28520.0,28657.0,28315.0,28573.0,15343.0,9352.0
2014-04-15,28850.0,28850.0,28200.0,28959.0,18548.0,9103.0
2014-04-14,28845.0,28986.0,28843.0,28756.0,5166.0,9380.0
2014-04-11,28799.0,28844.0,28670.0,28781.0,11384.0,9333.0
2014-04-10,28450.0,28784.0,28450.0,28417.0,14692.0,9346.0
2014-04-09,28475.0,28559.0,28353.0,28477.0,14195.0,9187.0
2014-04-08,28398.0,28586.0,28397.0,28326.0,7151.0,9063.0
2014-04-07,28230.0,28360.0,28221.0,28260.0,9704.0,9022.0
2014-04-04,28150.0,28342.0,28080.0,28132.0,14227.0,9057.0
2014-04-03,28440.0,28550.0,28380.0,28184.0,143.0,248.0
2014-04-02,27923.0,28399.0,27861.0,28080.0,545.0,307.0
2014-04-01,28610.0,28615.0,28200.0,28536.0,2257.0,460.0
2014-03-31,28448.0,28790.0,28363.0,28380.0,9117.0,1780.0
2014-03-29,28449.0,28449.0,28449.0,28449.0,16226.0,4343.0
2014-03-28,28360.0,28490.0,28315.0,28449.0,4617.0,5892.0
2014-03-27,28557.0,28700.0,28290.0,28571.0,18631.0,5728.0
2014-03-26,29050.0,29050.0,28380.0,28898.0,16189.0,6444.0
2014-03-25,29110.0,29260.0,28950.0,29159.0,17217.0,7448.0
2014-03-24,29700.0,29700.0,29245.0,29742.0,14018.0,8197.0
2014-03-22,29751.0,29751.0,29751.0,29751.0,12201.0,9062.0
2014-03-21,29757.0,29917.0,29696.0,29751.0,12201.0,9062.0
2014-03-20,29930.0,29973.0,29721.0,29981.0,14603.0,9342.0
2014-03-19,30211.0,30222.0,30007.0,30205.0,15219.0,9037.0
2014-03-18,30350.0,30350.0,30112.0,30375.0,13228.0,10271.0
2014-03-15,30549.0,30549.0,30549.0,30549.0,16106.0,11283.0
2014-03-14,30585.0,30737.0,30452.0,30549.0,16106.0,11283.0
2014-03-13,30537.0,30544.0,30322.0,30472.0,13635.0,11987.0
2014-03-12,30280.0,30525.0,30280.0,30247.0,12844.0,12982.0
2014-03-11,30025.0,30335.0,29963.0,30123.0,18870.0,12155.0
2014-03-08,30209.0,30209.0,30209.0,30209.0,16098.0,12170.0
2014-03-07,30202.0,30340.0,29930.0,30209.0,16098.0,12170.0
2014-03-06,30082.0,30144.0,29900.0,30158.0,18870.0,12411.0
2014-03-05,30191.0,30318.0,30080.0,30160.0,18008.0,12060.0
2014-03-04,30650.0,30650.0,30051.0,30631.0,23635.0,11802.0
2014-03-03,30192.0,30618.0,30192.0,30090.0,15984.0,12551.0
2014-03-01,30089.0,30089.0,30089.0,30089.0,14466.0,12111.0
2014-02-28,30026.0,30400.0,30026.0,30089.0,14466.0,12111.0
2014-02-27,30090.0,30185.0,30010.0,30042.0,7611.0,12134.0
2014-02-26,30240.0,30240.0,29883.0,30240.0,18142.0,11860.0
2014-02-25,30035.0,30229.0,30035.0,30120.0,12944.0,11819.0
2014-02-24,29881.0,30174.0,29881.0,29889.0,11702.0,11549.0
2014-02-22,29882.0,29882.0,29882.0,29882.0,9914.0,11480.0
2014-02-21,29865.0,29970.0,29772.0,29882.0,9914.0,11480.0
2014-02-20,29960.0,29980.0,29790.0,30031.0,12590.0,11260.0
2014-02-19,30132.0,30150.0,29752.0,30224.0,19395.0,11036.0
2014-02-18,30035.0,30239.0,29974.0,30157.0,19001.0,11518.0
2014-02-17,29375.0,29375.0,29375.0,29375.0,21932.0,11904.0
2014-02-15,29184.0,29184.0,29184.0,29184.0,12779.0,10337.0
2014-02-14,29230.0,29425.0,29230.0,29184.0,12779.0,10337.0
2014-02-13,29120.0,29218.0,29062.0,29132.0,12351.0,10511.0
2014-02-12,29070.0,29120.0,29006.0,29104.0,12821.0,10102.0
2014-02-11,28980.0,29166.0,28980.0,28935.0,16594.0,9903.0
2014-02-10,28850.0,29009.0,28825.0,28754.0,13020.0,9864.0
2014-02-08,28650.0,28650.0,28650.0,28650.0,16018.0,9900.0
2014-02-07,28730.0,28900.0,28683.0,28650.0,16018.0,9900.0
2014-02-06,28680.0,28940.0,28627.0,28715.0,15790.0,9664.0
2014-02-05,28720.0,28800.0,28689.0,28632.0,17545.0,9375.0
2014-02-04,29701.0,29834.0,29600.0,29845.0,336.0,255.0
2014-02-03,29500.0,29814.0,29399.0,29462.0,651.0,475.0
2014-02-01,29378.0,29378.0,29378.0,29378.0,9707.0,844.0
2014-01-31,29363.0,29584.0,29310.0,29378.0,8105.0,1648.0
2014-01-30,29789.0,29820.0,29382.0,29738.0,14398.0,3723.0
2014-01-29,29521.0,29521.0,29521.0,29521.0,17340.0,6240.0
2014-01-28,29718.0,29718.0,29476.0,29798.0,9670.0,6953.0
2014-01-27,29550.0,29849.0,29550.0,29519.0,10374.0,6925.0
2014-01-25,29355.0,29355.0,29355.0,29355.0,16337.0,6892.0
2014-01-24,29270.0,29675.0,29252.0,29355.0,16337.0,6892.0
2014-01-23,29102.0,29340.0,28965.0,29150.0,26693.0,7301.0
2014-01-22,29208.0,29278.0,29121.0,29241.0,12563.0,7620.0
2014-01-21,29288.0,29288.0,29288.0,29288.0,18598.0,7797.0
2014-01-20,29288.0,29390.0,29288.0,29265.0,4604.0,8644.0
2014-01-18,29034.0,29034.0,29034.0,29034.0,15063.0,8103.0
2014-01-17,29034.0,29034.0,29034.0,29034.0,15063.0,8103.0
2014-01-16,29019.0,29019.0,29019.0,29019.0,12561.0,8044.0
2014-01-15,29096.0,29096.0,29096.0,29096.0,13722.0,8385.0
2014-01-14,29212.0,29212.0,29212.0,29212.0,10373.0,8548.0
2014-01-13,29045.0,29138.0,29012.0,29033.0,12745.0,8641.0
2014-01-10,28878.0,29040.0,28811.0,28862.0,12716.0,9132.0
2014-01-09,28875.0,28899.0,28712.0,28796.0,11710.0,9114.0
2014-01-08,28766.0,28878.0,28671.0,28834.0,12879.0,8931.0
2014-01-07,29001.0,29060.0,28802.0,28974.0,15066.0,9123.0
2014-01-06,29159.0,29159.0,29159.0,29159.0,19952.0,8768.0
2014-01-02,28490.0,28977.0,28490.0,28418.0,14550.0,9761.0
2013-12-31,28359.0,28359.0,28359.0,28359.0,18187.0,9451.0
2013-12-30,28551.0,28551.0,28364.0,28564.0,8661.0,10310.0
2013-12-27,28634.0,28640.0,28250.0,28576.0,7070.0,10454.0
2013-12-26,28475.0,28691.0,28455.0,28454.0,7552.0,10428.0
2013-12-24,28383.0,28425.0,28282.0,28364.0,9370.0,10039.0
2013-12-23,28526.0,28550.0,28310.0,28554.0,10698.0,10430.0
2013-12-21,28362.0,28362.0,28362.0,28362.0,18967.0,9776.0
2013-12-20,28360.0,28548.0,28276.0,28362.0,14479.0,10357.0
2013-12-19,28767.0,28785.0,28350.0,28868.0,19662.0,10225.0
2013-12-18,28735.0,28885.0,28672.0,28678.0,14216.0,9397.0
2013-12-17,28752.0,28990.0,28701.0,28831.0,20446.0,9389.0
2013-12-16,29371.0,29371.0,28766.0,29432.0,23487.0,9261.0
2013-12-13,29200.0,29425.0,29158.0,29223.0,13844.0,10355.0
2013-12-12,29501.0,29501.0,29150.0,29460.0,18734.0,10007.0
2013-12-11,29499.0,29639.0,29272.0,29535.0,18053.0,9792.0
2013-12-10,29190.0,29575.0,29190.0,29117.0,17305.0,9631.0
2013-12-09,28921.0,29100.0,28842.0,28954.0,13196.0,9137.0
2013-12-07,29205.0,29205.0,29205.0,29205.0,22202.0,8851.0
2013-12-06,29151.0,29350.0,28720.0,29205.0,22202.0,8851.0
2013-12-05,30652.0,30957.0,30074.0,30950.0,260.0,122.0
2013-12-04,30368.0,30368.0,30368.0,30368.0,307.0,257.0
